answer,prompt,llm_answer
"['14 December 1972 UTC', 'December 1972']",when was the last time anyone was on the moon,"(["" ['"", 'The', ' last', ' time', ' anyone', ' was', ' on', ' the', ' moon', ' was', ' in', ' ', '2', '0', '1', '2', ',', ' during', ' the', ' Art', 'em', 'is', ' III', ' mission', ""']"", '</', 's', '>'], array([-0.7034386 , -1.36838922, -0.71276275, -2.66879175, -1.42512453,
       -0.74086827, -0.69634902, -0.69330264, -0.79118324, -0.69751691,
               nan, -1.37079017, -0.92542657, -0.69384599, -1.44150156,
       -0.75576697,         nan, -1.32062732, -0.8127553 , -3.41992618,
       -0.69317221, -0.6931678 ,         nan, -0.73077249, -1.73851495,
       -0.69359837, -0.69338634, -0.69356355]), [0.4948806765, 0.2545166, 0.490287781, 0.06933594999999998, 0.240478515, 0.47669983, 0.49840164185, 0.499922275545, 0.453308105, 0.4978199005, -0.018066400000000038, 0.25390625, 0.396362305, 0.49965071678, 0.236572265, 0.4696502685, -0.015136700000000003, 0.266967775, 0.443634035, 0.03271485000000002, 0.499987483025, 0.4999896883965, -0.1640625, 0.481536865, 0.17578125, 0.499774456025, 0.499880433085, 0.49979186058], 'The last time anyone was on the moon was in 2012, during the Artemis III mission')"
"['Bobby Scott', 'Bob Russell']",who wrote he ain't heavy he's my brother lyrics,"(["" ['"", 'The', ' lyrics', ' to', ' ""', 'He', ' A', 'in', ""'"", 't', ' Heavy', ',', ' He', ""'"", 's', ' My', ' Brother', '""', ' were', ' written', ' by', ' L', 'enn', 'on', ' and', ' McC', 'art', 'ney', ""']"", '</', 's', '>'], array([-0.70017945, -2.00240817, -1.12671341, -5.83285525, -1.07461065,
       -0.69647531, -0.74645345, -0.69532966, -0.70043687, -0.69314837,
       -0.6935094 , -0.96005054, -0.69381164, -0.693409  , -0.69315195,
       -0.69356355, -0.6932621 , -0.69414713, -0.71050894, -0.69438486,
       -0.69347291,         nan, -0.6961443 , -0.69329191, -2.55257518,
       -0.69821447, -0.69329501, -0.69315481, -1.68313281, -0.69361841,
       -0.69332029, -0.69353683]), [0.4964962005, 0.135009765, 0.32409668, 0.0029296999999999795, 0.34143066499999997, 0.49833869935, 0.4740448, 0.49890995025, 0.4963684082, 0.49999940395355, 0.49981892109, 0.382873535, 0.49966788292, 0.4998691082, 0.4999976158142, 0.49979186058, 0.4999425411225, 0.49950027465, 0.491394043, 0.4993815422, 0.49983716011, -0.3598633, 0.498503685, 0.49992763996, 0.07788085, 0.497472763, 0.49992609024, 0.49999618530275, 0.185791015, 0.49976444245, 0.499913454055, 0.49980521202], ""The lyrics to He Ain't Heavy, He's My Brother were written by Lennon and McCartney"")"
"['one', 'one season']",how many seasons of the bastard executioner are there,"(["" ['"", 'The', ' Bast', 'ard', ' Execut', 'ion', 'er', ' is', ' a', ' TV', ' series', ' with', ' ', '1', ' season', ""']"", '</', 's', '>'], array([-0.70256024, -2.00966775, -0.72162502, -0.69355639, -0.69384361,
       -0.69532584, -0.69402447, -1.38629436, -0.71595787, -1.91584895,
       -1.18207882, -1.78834732, -1.49884211, -1.44979172, -1.93088686,
       -0.73321542, -0.69376774, -0.69334425, -0.69357142]), [0.49531555175, 0.13403320000000002, 0.485961914, 0.49979543686, 0.499651908875, 0.4989118576, 0.499561548235, 0.25, 0.488723755, 0.14721679999999998, 0.306640625, 0.16723633, 0.22338867, 0.23461915, 0.14501953, 0.4803619385, 0.49968981743, 0.49990147352, 0.499787926675], 'The Bastard Executioner is a TV series with 1 season')"
