answer,prompt,llm_answer,fleek_score,lm_v_lm_score,lbhd_score
"['14 December 1972 UTC', 'December 1972']",when was the last time anyone was on the moon,"(["" ['"", 'The', ' last', ' time', ' anyone', ' was', ' on', ' the', ' moon', ' was', ' in', ' ', '2', '0', '1', '2', ',', ' during', ' the', ' Art', 'em', 'is', ' III', ' mission', ""']"", '</', 's', '>'], array([-0.7034386 , -1.3727151 , -0.71276275, -2.67231922, -1.43021365,
       -0.74086827, -0.69634902, -0.69330264, -0.78970325, -0.69745944,
               nan, -1.37079017, -0.92542657, -0.69385076, -1.44150156,
       -0.75605942,         nan, -1.32017016, -0.81193016, -3.53864265,
       -0.69317245, -0.69316768,         nan, -0.73064575, -1.74968826,
       -0.69359885, -0.69339004, -0.69356355]), [0.4948806765, 0.25341797, 0.490287781, 0.06909179999999998, 0.23925780000000002, 0.47669983, 0.49840164185, 0.499922275545, 0.453979492, 0.49784851075, -0.018066400000000038, 0.25390625, 0.396362305, 0.4996483326, 0.236572265, 0.46951294, -0.012695299999999965, 0.26708984999999996, 0.444000245, 0.029052734999999996, 0.499987363815, 0.499989748001, -0.1645508, 0.4815979, 0.173828125, 0.4997742176, 0.49987858534, 0.49979186058], 'The last time anyone was on the moon was in 2012, during the Artemis III mission')",0,0.0,"{'avg': 0.29941650625079996, 'normalized_product': 1.1390788232219354e-05, 'min': -0.1645508, 'concepts': [{'moon': {'avg': 0.453979492, 'normalized_product': 0.453979492, 'min': 0.453979492}}, {'2012': {'avg': 0.29825955940000004, 'normalized_product': 1.5348606751664526e-08, 'min': -0.012695299999999965}}, {'Artemis III mission': {'avg': 0.2692153893632, 'normalized_product': 3.226698201868857e-07, 'min': -0.1645508}}]}"
"['Bobby Scott', 'Bob Russell']",who wrote he ain't heavy he's my brother lyrics,"(["" ['"", 'The', ' lyrics', ' to', ' ""', 'He', ' A', 'in', ""'"", 't', ' Heavy', ',', ' He', ""'"", 's', ' My', ' Brother', '""', ' were', ' written', ' by', ' L', 'enn', 'on', ' and', ' McC', 'art', 'ney', ""']"", '</', 's', '>'], array([-0.70022171, -1.98271201, -1.12558411, -5.83285525, -1.07461065,
       -0.6964734 , -0.74645345, -0.69536216, -0.70032544, -0.69314837,
       -0.6935094 , -0.95496228, -0.69381211, -0.69340709, -0.69315195,
       -0.69356331, -0.6932621 , -0.69414809, -0.71050894, -0.6943925 ,
       -0.69347315,         nan, -0.69618256, -0.69329489, -2.54321464,
       -0.69827198, -0.69329728, -0.69315481, -1.68840293, -0.69361865,
       -0.69331945, -0.69353015]), [0.49647521975, 0.13769530000000002, 0.32446289, 0.0029296999999999795, 0.34143066499999997, 0.498339653, 0.4740448, 0.4988937378, 0.4964237213, 0.49999940395355, 0.49981892109, 0.38482666, 0.4996676445, 0.499870061875, 0.4999976158142, 0.49979197979, 0.4999425411225, 0.4994997978, 0.491394043, 0.4993777275, 0.4998370409, -0.36279295, 0.4984846115, 0.499926149845, 0.07861328000000001, 0.49744415285, 0.49992495775, 0.49999618530275, 0.18481445000000002, 0.499764323235, 0.49991387129, 0.49980854988], ""The lyrics to He Ain't Heavy, He's My Brother were written by Lennon and McCartney"")",1,0.0,"{'avg': 0.39859294501511544, 'normalized_product': 0.025058247111100756, 'min': -0.36279295, 'concepts': [{'Lennon': {'avg': 0.21187260378166664, 'normalized_product': 6.292924723381799e-11, 'min': -0.36279295}}, {'McCartney': {'avg': 0.4991217653009166, 'normalized_product': 0.49912035320555576, 'min': 0.49744415285}}, {""He Ain't Heavy"": {'avg': 0.47890669959193577, 'normalized_product': 0.47709793246587434, 'min': 0.38482666}}, {""He's My Brother"": {'avg': 0.4997949401502833, 'normalized_product': 0.4997949114968989, 'min': 0.4994997978}}, {'lyrics': {'avg': 0.32446289, 'normalized_product': 0.32446289, 'min': 0.32446289}}, {'written': {'avg': 0.4993777275, 'normalized_product': 0.4993777275, 'min': 0.4993777275}}]}"
